first_name,last_name,education_level,email,more_info,personal_website,snap,status,school_id,school_name,school_city,school_state,school_website
ank,sha,0,anke.shao@yahoo.ca,asfasdd,anke-s.github.io,ash,0,1,uc berkeley,berkeley,CA,snap.berkeley.edu
Steve,Gao,1,steve.gao02112@gmail.com,aha,no website,some snap,0,0,ucsb,sb,CA,snap.sb.edu
Haha,He,1,steve.fdso02112@gmail.com,aha,no website,some snap,0,30,ucla,sb,CA,snap.sb.edu
Wuho,He,1,steve.fdso02112@gmail.com,aha,no website,some snap,0,,uci,Irvine,CA,snap.uci.edu
